feature,missing_fraction,missing_count
EDA_TD_P_ReT,0.003205128205128205,1
EDA_TD_P_RT,0.003205128205128205,1
EDA_TD_T_std,0.0,0
EDA_TD_P_Max,0.0,0
EDA_TD_P_AUC,0.0,0
EDA_TD_P_Kurtosis,0.0,0
EDA_TD_P_Skew,0.0,0
EDA_TD_P_Slope_min,0.0,0
EDA_TD_P_Slope_max,0.0,0
EDA_TD_P_Slope_mean,0.0,0
EDA_TD_P_Slope,0.0,0
EDA_TD_T_Mean,0.0,0
EDA_TD_T_Median,0.0,0
EDA_TD_T_Min,0.0,0
EDA_TD_P_std,0.0,0
EDA_TD_T_Max,0.0,0
EDA_TD_T_AUC,0.0,0
EDA_TD_T_Kurtosis,0.0,0
EDA_TD_T_Skew,0.0,0
EDA_TD_T_Slope_min,0.0,0
EDA_TD_T_Slope_max,0.0,0
EDA_TD_T_Slope_mean,0.0,0
EDA_TD_T_Slope,0.0,0
EDA_TD_P_Peaks,0.0,0
EDA_TD_P_Min,0.0,0
HR_TD_Mean,0.0,0
HR_TD_Median,0.0,0
TEMP_TD_Mean,0.0,0
HR_TD_std,0.0,0
HR_TD_Min,0.0,0
HR_TD_Max,0.0,0
HR_TD_AUC,0.0,0
HR_TD_Kurtosis,0.0,0
HR_TD_Skew,0.0,0
HR_TD_Slope_min,0.0,0
HR_TD_Slope_max,0.0,0
HR_TD_Slope_mean,0.0,0
HR_TD_Slope,0.0,0
TEMP_TD_Median,0.0,0
EDA_TD_P_Mean,0.0,0
TEMP_TD_std,0.0,0
TEMP_TD_Min,0.0,0
TEMP_TD_Max,0.0,0
TEMP_TD_AUC,0.0,0
TEMP_TD_Kurtosis,0.0,0
TEMP_TD_Skew,0.0,0
TEMP_TD_Slope_min,0.0,0
TEMP_TD_Slope_max,0.0,0
TEMP_TD_Slope_mean,0.0,0
TEMP_TD_Slope,0.0,0
EDA_TD_P_Median,0.0,0
